[{"pos_x": 67.05, "pos_y": -90.55, "rotation": 0.0, "side": "top", "designator": "C6", "mpn": null, "pack": "C_0402_1005Metric", "value": "10uF", "mount_type": "smt", "place": true}, {"pos_x": 87.65, "pos_y": -78.75, "rotation": 0.0, "side": "top", "designator": "R24", "mpn": null, "pack": "R_0402_1005Metric", "value": "4.7K", "mount_type": "smt", "place": true}, {"pos_x": 73.15, "pos_y": -83.25, "rotation": 0.0, "side": "top", "designator": "R9", "mpn": null, "pack": "R_0402_1005Metric", "value": "10K", "mount_type": "smt", "place": true}, {"pos_x": 71.6, "pos_y": -66.19, "rotation": 90.0, "side": "top", "designator": "J7", "mpn": null, "pack": "PinHeader_1x10_P2.54mm_Vertical", "value": "Conn_01x10_Female", "mount_type": "tht", "place": true}, {"pos_x": 56.825, "pos_y": -68.73, "rotation": 90.0, "side": "top", "designator": "J8", "mpn": null, "pack": "PinHeader_1x05_P2.54mm_Vertical", "value": "Conn_01x05_Female", "mount_type": "tht", "place": true}, {"pos_x": 64.15, "pos_y": -71.25, "rotation": 180.0, "side": "top", "designator": "R14", "mpn": null, "pack": "R_0402_1005Metric", "value": "4.7K", "mount_type": "smt", "place": true}, {"pos_x": 89.65, "pos_y": -72.25, "rotation": 180.0, "side": "top", "designator": "C20", "mpn": null, "pack": "C_0402_1005Metric", "value": "1uF", "mount_type": "smt", "place": true}, {"pos_x": 61.65, "pos_y": -85.75, "rotation": 0.0, "side": "top", "designator": "C16", "mpn": null, "pack": "C_0402_1005Metric", "value": "1uF", "mount_type": "smt", "place": true}, {"pos_x": 71.6, "pos_y": -68.73, "rotation": 90.0, "side": "top", "designator": "J9", "mpn": null, "pack": "PinHeader_1x10_P2.54mm_Vertical", "value": "Conn_01x10_Female", "mount_type": "tht", "place": true}, {"pos_x": 57.15, "pos_y": -80.75, "rotation": 180.0, "side": "top", "designator": "U10", "mpn": null, "pack": "VSSOP-10_3x3mm_P0.5mm", "value": "DRV2605LDGS", "mount_type": "smt", "place": true}, {"pos_x": 49.15, "pos_y": -94.25, "rotation": 0.0, "side": "top", "designator": "TP10", "mpn": null, "pack": "TestPoint_Pad_D1.5mm", "value": "TestPoint", "mount_type": "tht", "place": true}, {"pos_x": 64.25, "pos_y": -99.65, "rotation": 0.0, "side": "top", "designator": "TP3", "mpn": null, "pack": "TestPoint_Pad_D1.5mm", "value": "TestPoint", "mount_type": "tht", "place": true}, {"pos_x": 91.05, "pos_y": -96.55, "rotation": 180.0, "side": "top", "designator": "U5", "mpn": null, "pack": "LED_WS2812-2020", "value": "WS2812-2020", "mount_type": "tht", "place": true}, {"pos_x": 52.65, "pos_y": -70.75, "rotation": 180.0, "side": "top", "designator": "C5", "mpn": null, "pack": "C_0402_1005Metric", "value": "10uF", "mount_type": "smt", "place": true}, {"pos_x": 71.6, "pos_y": -63.65, "rotation": 90.0, "side": "top", "designator": "J4", "mpn": null, "pack": "PinHeader_1x10_P2.54mm_Vertical", "value": "Conn_01x10_Female", "mount_type": "tht", "place": true}, {"pos_x": 76.15, "pos_y": -87.25, "rotation": 0.0, "side": "top", "designator": "U7", "mpn": null, "pack": "Texas_RGE0024C_EP2.1x2.1mm", "value": "TCA9548ARGER", "mount_type": "smt", "place": true}, {"pos_x": 91.15, "pos_y": -107.75, "rotation": 180.0, "side": "top", "designator": "SW1", "mpn": null, "pack": "SW_Push_SPST_NO_Alps_SKRK", "value": "SW_Push", "mount_type": "smt", "place": true}, {"pos_x": 64.15, "pos_y": -105.65, "rotation": 180.0, "side": "top", "designator": "R6", "mpn": null, "pack": "R_0402_1005Metric", "value": "10K", "mount_type": "smt", "place": true}, {"pos_x": 64.15, "pos_y": -83.25, "rotation": 180.0, "side": "top", "designator": "R20", "mpn": null, "pack": "R_0402_1005Metric", "value": "4.7K", "mount_type": "smt", "place": true}, {"pos_x": 87.65, "pos_y": -81.25, "rotation": 0.0, "side": "top", "designator": "R25", "mpn": null, "pack": "R_0402_1005Metric", "value": "4.7K", "mount_type": "smt", "place": true}, {"pos_x": 61.65, "pos_y": -77.75, "rotation": 0.0, "side": "top", "designator": "C14", "mpn": null, "pack": "C_0402_1005Metric", "value": "1uF", "mount_type": "smt", "place": true}, {"pos_x": 75.15, "pos_y": -83.25, "rotation": -90.0, "side": "top", "designator": "R11", "mpn": null, "pack": "R_0402_1005Metric", "value": "10K", "mount_type": "smt", "place": true}, {"pos_x": 102.15, "pos_y": -69.75, "rotation": 0.0, "side": "top", "designator": "J12", "mpn": null, "pack": "PinHeader_1x08_P2.54mm_Vertical", "value": "Conn_01x08_Female", "mount_type": "tht", "place": true}, {"pos_x": 87.65, "pos_y": -85.25, "rotation": 0.0, "side": "top", "designator": "R27", "mpn": null, "pack": "R_0402_1005Metric", "value": "4.7K", "mount_type": "smt", "place": true}, {"pos_x": 87.55, "pos_y": -104.85, "rotation": 0.0, "side": "top", "designator": "C4", "mpn": null, "pack": "C_0402_1005Metric", "value": "0.1uF", "mount_type": "smt", "place": true}, {"pos_x": 57.15, "pos_y": -100.25, "rotation": -90.0, "side": "top", "designator": "C26", "mpn": null, "pack": "CP_Elec_4x5.4", "value": "0.1uF", "mount_type": "smt", "place": true}, {"pos_x": 87.65, "pos_y": -73.25, "rotation": 0.0, "side": "top", "designator": "R21", "mpn": null, "pack": "R_0402_1005Metric", "value": "4.7K", "mount_type": "smt", "place": true}, {"pos_x": 69.25, "pos_y": -90.55, "rotation": 180.0, "side": "top", "designator": "C8", "mpn": null, "pack": "C_0402_1005Metric", "value": "10uF", "mount_type": "smt", "place": true}, {"pos_x": 64.15, "pos_y": -79.25, "rotation": 180.0, "side": "top", "designator": "R18", "mpn": null, "pack": "R_0402_1005Metric", "value": "4.7K", "mount_type": "smt", "place": true}, {"pos_x": 50.65, "pos_y": -64.55, "rotation": 0.0, "side": "top", "designator": "H1", "mpn": null, "pack": "MountingHole_2.2mm_M2_Pad", "value": "MH", "mount_type": "tht", "place": true}, {"pos_x": 91.15, "pos_y": -100.85, "rotation": 180.0, "side": "top", "designator": "SW2", "mpn": null, "pack": "SW_Push_SPST_NO_Alps_SKRK", "value": "SW_Push", "mount_type": "smt", "place": true}, {"pos_x": 87.65, "pos_y": -74.75, "rotation": 0.0, "side": "top", "designator": "R22", "mpn": null, "pack": "R_0402_1005Metric", "value": "4.7K", "mount_type": "smt", "place": true}, {"pos_x": 98.65, "pos_y": -71.25, "rotation": 0.0, "side": "top", "designator": "C17", "mpn": null, "pack": "C_0402_1005Metric", "value": "10uF", "mount_type": "smt", "place": true}, {"pos_x": 89.65, "pos_y": -80.25, "rotation": 180.0, "side": "top", "designator": "C22", "mpn": null, "pack": "C_0402_1005Metric", "value": "1uF", "mount_type": "smt", "place": true}, {"pos_x": 57.15, "pos_y": -72.75, "rotation": 180.0, "side": "top", "designator": "U8", "mpn": null, "pack": "VSSOP-10_3x3mm_P0.5mm", "value": "DRV2605LDGS", "mount_type": "smt", "place": true}, {"pos_x": 56.825, "pos_y": -66.19, "rotation": 90.0, "side": "top", "designator": "J6", "mpn": null, "pack": "PinHeader_1x05_P2.54mm_Vertical", "value": "Conn_01x05_Female", "mount_type": "tht", "place": true}, {"pos_x": 64.35, "pos_y": -102.25, "rotation": 0.0, "side": "top", "designator": "TP2", "mpn": null, "pack": "TestPoint_Pad_D1.5mm", "value": "TestPoint", "mount_type": "tht", "place": true}, {"pos_x": 94.15, "pos_y": -73.25, "rotation": 0.0, "side": "top", "designator": "U12", "mpn": null, "pack": "VSSOP-10_3x3mm_P0.5mm", "value": "DRV2605LDGS", "mount_type": "smt", "place": true}, {"pos_x": 56.825, "pos_y": -63.65, "rotation": 90.0, "side": "top", "designator": "J5", "mpn": null, "pack": "PinHeader_1x05_P2.54mm_Vertical", "value": "Conn_01x05_Female", "mount_type": "tht", "place": true}, {"pos_x": 64.15, "pos_y": -72.75, "rotation": 180.0, "side": "top", "designator": "R13", "mpn": null, "pack": "R_0402_1005Metric", "value": "4.7K", "mount_type": "smt", "place": true}, {"pos_x": 97.15, "pos_y": -102.25, "rotation": 90.0, "side": "top", "designator": "J1", "mpn": null, "pack": "PinHeader_1x03_P2.54mm_Vertical", "value": "Conn_01x03_Female", "mount_type": "tht", "place": true}, {"pos_x": 94.15, "pos_y": -92.75, "rotation": 180.0, "side": "top", "designator": "R5", "mpn": null, "pack": "R_0402_1005Metric", "value": "5K1", "mount_type": "smt", "place": true}, {"pos_x": 87.55, "pos_y": -103.65, "rotation": 0.0, "side": "top", "designator": "C3", "mpn": null, "pack": "C_0402_1005Metric", "value": "22uF", "mount_type": "smt", "place": true}, {"pos_x": 98.65, "pos_y": -79.25, "rotation": 0.0, "side": "top", "designator": "C19", "mpn": null, "pack": "C_0402_1005Metric", "value": "10uF", "mount_type": "smt", "place": true}, {"pos_x": 60.85, "pos_y": -105.65, "rotation": 0.0, "side": "top", "designator": "R7", "mpn": null, "pack": "R_0402_1005Metric", "value": "10K", "mount_type": "smt", "place": true}, {"pos_x": 50.65, "pos_y": -106.75, "rotation": 0.0, "side": "top", "designator": "H4", "mpn": null, "pack": "MountingHole_2.2mm_M2_Pad", "value": "MH", "mount_type": "tht", "place": true}, {"pos_x": 93.15, "pos_y": -89.75, "rotation": 0.0, "side": "top", "designator": "TP9", "mpn": null, "pack": "TestPoint_Pad_D1.5mm", "value": "TestPoint", "mount_type": "tht", "place": true}, {"pos_x": 61.15, "pos_y": -92.75, "rotation": 0.0, "side": "top", "designator": "Q2", "mpn": null, "pack": "SOT-23", "value": "HX2300A", "mount_type": "smt", "place": true}, {"pos_x": 52.65, "pos_y": -92.25, "rotation": 180.0, "side": "top", "designator": "R30", "mpn": null, "pack": "R_0402_1005Metric", "value": "330R", "mount_type": "smt", "place": true}, {"pos_x": 87.65, "pos_y": -82.75, "rotation": 0.0, "side": "top", "designator": "R26", "mpn": null, "pack": "R_0402_1005Metric", "value": "4.7K", "mount_type": "smt", "place": true}, {"pos_x": 87.65, "pos_y": -86.75, "rotation": 0.0, "side": "top", "designator": "R28", "mpn": null, "pack": "R_0402_1005Metric", "value": "4.7K", "mount_type": "smt", "place": true}, {"pos_x": 94.15, "pos_y": -96.25, "rotation": 0.0, "side": "top", "designator": "R3", "mpn": null, "pack": "R_0402_1005Metric", "value": "5K1", "mount_type": "smt", "place": true}, {"pos_x": 52.65, "pos_y": -78.75, "rotation": 180.0, "side": "top", "designator": "C11", "mpn": null, "pack": "C_0402_1005Metric", "value": "10uF", "mount_type": "smt", "place": true}, {"pos_x": 61.15, "pos_y": -96.75, "rotation": 0.0, "side": "top", "designator": "Q1", "mpn": null, "pack": "SOT-23", "value": "HX2300A", "mount_type": "smt", "place": true}, {"pos_x": 61.65, "pos_y": -81.75, "rotation": 0.0, "side": "top", "designator": "C15", "mpn": null, "pack": "C_0402_1005Metric", "value": "1uF", "mount_type": "smt", "place": true}, {"pos_x": 64.15, "pos_y": -76.75, "rotation": 180.0, "side": "top", "designator": "R15", "mpn": null, "pack": "R_0402_1005Metric", "value": "4.7K", "mount_type": "smt", "place": true}, {"pos_x": 49.15, "pos_y": -91.25, "rotation": 0.0, "side": "top", "designator": "TP5", "mpn": null, "pack": "TestPoint_Pad_D1.5mm", "value": "TestPoint", "mount_type": "tht", "place": true}, {"pos_x": 97.65, "pos_y": -67.55, "rotation": 0.0, "side": "top", "designator": "C9", "mpn": null, "pack": "C_0402_1005Metric", "value": "22uF", "mount_type": "smt", "place": true}, {"pos_x": 64.15, "pos_y": -84.75, "rotation": 180.0, "side": "top", "designator": "R19", "mpn": null, "pack": "R_0402_1005Metric", "value": "4.7K", "mount_type": "smt", "place": true}, {"pos_x": 57.15, "pos_y": -76.75, "rotation": 180.0, "side": "top", "designator": "U9", "mpn": null, "pack": "VSSOP-10_3x3mm_P0.5mm", "value": "DRV2605LDGS", "mount_type": "smt", "place": true}, {"pos_x": 49.15, "pos_y": -97.25, "rotation": 0.0, "side": "top", "designator": "TP6", "mpn": null, "pack": "TestPoint_Pad_D1.5mm", "value": "TestPoint", "mount_type": "tht", "place": true}, {"pos_x": 76.15, "pos_y": -83.25, "rotation": -90.0, "side": "top", "designator": "R12", "mpn": null, "pack": "R_0402_1005Metric", "value": "10K", "mount_type": "smt", "place": true}, {"pos_x": 57.15, "pos_y": -84.75, "rotation": 180.0, "side": "top", "designator": "U11", "mpn": null, "pack": "VSSOP-10_3x3mm_P0.5mm", "value": "DRV2605LDGS", "mount_type": "smt", "place": true}, {"pos_x": 94.15, "pos_y": -81.25, "rotation": 0.0, "side": "top", "designator": "U14", "mpn": null, "pack": "VSSOP-10_3x3mm_P0.5mm", "value": "DRV2605LDGS", "mount_type": "smt", "place": true}, {"pos_x": 75.45, "pos_y": -75.75, "rotation": 0.0, "side": "top", "designator": "U2", "mpn": null, "pack": "SSOP-24_5.3x8.2mm_P0.65mm", "value": "CD74HC4067SM", "mount_type": "smt", "place": true}, {"pos_x": 52.65, "pos_y": -90.75, "rotation": 0.0, "side": "top", "designator": "R1", "mpn": null, "pack": "R_0402_1005Metric", "value": "5M", "mount_type": "smt", "place": true}, {"pos_x": 54.65, "pos_y": -90.75, "rotation": 0.0, "side": "top", "designator": "R2", "mpn": null, "pack": "R_0402_1005Metric", "value": "1M", "mount_type": "smt", "place": true}, {"pos_x": 52.15, "pos_y": -100.25, "rotation": -90.0, "side": "top", "designator": "C25", "mpn": null, "pack": "CP_Elec_4x5.4", "value": "0.1uF", "mount_type": "smt", "place": true}, {"pos_x": 64.15, "pos_y": -75.25, "rotation": 180.0, "side": "top", "designator": "R16", "mpn": null, "pack": "R_0402_1005Metric", "value": "4.7K", "mount_type": "smt", "place": true}, {"pos_x": 57.15, "pos_y": -91.75, "rotation": -90.0, "side": "top", "designator": "R29", "mpn": null, "pack": "R_0402_1005Metric", "value": "2K", "mount_type": "smt", "place": true}, {"pos_x": 52.65, "pos_y": -94.25, "rotation": 180.0, "side": "top", "designator": "R31", "mpn": null, "pack": "R_0402_1005Metric", "value": "330R", "mount_type": "smt", "place": true}, {"pos_x": 67.95, "pos_y": -104.85, "rotation": -90.0, "side": "top", "designator": "R8", "mpn": null, "pack": "R_0402_1005Metric", "value": "10K", "mount_type": "smt", "place": true}, {"pos_x": 71.25, "pos_y": -82.75, "rotation": 90.0, "side": "top", "designator": "C1", "mpn": null, "pack": "C_0402_1005Metric", "value": "10uF", "mount_type": "smt", "place": true}, {"pos_x": 49.65, "pos_y": -69.75, "rotation": 0.0, "side": "top", "designator": "J10", "mpn": null, "pack": "PinHeader_1x08_P2.54mm_Vertical", "value": "Conn_01x08_Female", "mount_type": "tht", "place": true}, {"pos_x": 89.65, "pos_y": -76.25, "rotation": 180.0, "side": "top", "designator": "C21", "mpn": null, "pack": "C_0402_1005Metric", "value": "1uF", "mount_type": "smt", "place": true}, {"pos_x": 87.65, "pos_y": -77.25, "rotation": 0.0, "side": "top", "designator": "R23", "mpn": null, "pack": "R_0402_1005Metric", "value": "4.7K", "mount_type": "smt", "place": true}, {"pos_x": 61.65, "pos_y": -73.75, "rotation": 0.0, "side": "top", "designator": "C13", "mpn": null, "pack": "C_0402_1005Metric", "value": "1uF", "mount_type": "smt", "place": true}, {"pos_x": 102.15, "pos_y": -94.75, "rotation": 90.0, "side": "top", "designator": "J2", "mpn": null, "pack": "HRO_TYPE-C-31-M-12", "value": "TYPE-C-31-M-12", "mount_type": "tht", "place": true}, {"pos_x": 98.65, "pos_y": -75.25, "rotation": 0.0, "side": "top", "designator": "C18", "mpn": null, "pack": "C_0402_1005Metric", "value": "10uF", "mount_type": "smt", "place": true}, {"pos_x": 56.15, "pos_y": -94.75, "rotation": 180.0, "side": "top", "designator": "U4", "mpn": null, "pack": "SOT-23-6", "value": "HY2120", "mount_type": "smt", "place": true}, {"pos_x": 67.945, "pos_y": -107.55, "rotation": 90.0, "side": "top", "designator": "C2", "mpn": null, "pack": "C_0402_1005Metric", "value": "0.1uF", "mount_type": "smt", "place": true}, {"pos_x": 64.15, "pos_y": -80.75, "rotation": 180.0, "side": "top", "designator": "R17", "mpn": null, "pack": "R_0402_1005Metric", "value": "4.7K", "mount_type": "smt", "place": true}, {"pos_x": 94.15, "pos_y": -77.25, "rotation": 0.0, "side": "top", "designator": "U13", "mpn": null, "pack": "VSSOP-10_3x3mm_P0.5mm", "value": "DRV2605LDGS", "mount_type": "smt", "place": true}, {"pos_x": 77.445, "pos_y": -101.2, "rotation": 180.0, "side": "top", "designator": "U1", "mpn": null, "pack": "ESP32-S3-MINI-1", "value": "ESP32-S3-MINI-1", "mount_type": "smt", "place": true}, {"pos_x": 87.15, "pos_y": -107.225, "rotation": -90.0, "side": "top", "designator": "R4", "mpn": null, "pack": "R_0402_1005Metric", "value": "10K", "mount_type": "smt", "place": true}, {"pos_x": 100.65, "pos_y": -64.75, "rotation": 0.0, "side": "top", "designator": "H3", "mpn": null, "pack": "MountingHole_2.2mm_M2_Pad", "value": "MH", "mount_type": "tht", "place": true}, {"pos_x": 63.75, "pos_y": -108.15, "rotation": -90.0, "side": "top", "designator": "J3", "mpn": null, "pack": "PinHeader_1x04_P2.54mm_Vertical", "value": "Conn_01x04_Female", "mount_type": "tht", "place": true}, {"pos_x": 80.15, "pos_y": -85.25, "rotation": 180.0, "side": "top", "designator": "R10", "mpn": null, "pack": "R_0402_1005Metric", "value": "10K", "mount_type": "smt", "place": true}, {"pos_x": 52.65, "pos_y": -82.75, "rotation": 180.0, "side": "top", "designator": "C12", "mpn": null, "pack": "C_0402_1005Metric", "value": "10uF", "mount_type": "smt", "place": true}, {"pos_x": 53.85, "pos_y": -64.15, "rotation": 90.0, "side": "top", "designator": "C7", "mpn": null, "pack": "C_0402_1005Metric", "value": "22uF", "mount_type": "smt", "place": true}, {"pos_x": 52.65, "pos_y": -74.75, "rotation": 180.0, "side": "top", "designator": "C10", "mpn": null, "pack": "C_0402_1005Metric", "value": "10uF", "mount_type": "smt", "place": true}, {"pos_x": 100.65, "pos_y": -106.75, "rotation": 0.0, "side": "top", "designator": "H2", "mpn": null, "pack": "MountingHole_2.2mm_M2_Pad", "value": "MH", "mount_type": "tht", "place": true}, {"pos_x": 74.65, "pos_y": -78.75, "rotation": 180.0, "side": "bottom", "designator": "TP7", "mpn": null, "pack": "TestPoint_Pad_D1.5mm", "value": "TestPoint", "mount_type": "tht", "place": true}, {"pos_x": 71.15, "pos_y": -86.25, "rotation": 180.0, "side": "bottom", "designator": "TP8", "mpn": null, "pack": "TestPoint_Pad_D1.5mm", "value": "TestPoint", "mount_type": "tht", "place": true}, {"pos_x": 82.65, "pos_y": -80.75, "rotation": 90.0, "side": "bottom", "designator": "U6", "mpn": null, "pack": "TO-263-2", "value": "LM1084-3.3", "mount_type": "smt", "place": true}, {"pos_x": 62.65, "pos_y": -80.75, "rotation": 90.0, "side": "bottom", "designator": "U3", "mpn": null, "pack": "TO-263-2", "value": "LM1084-5.0", "mount_type": "smt", "place": true}]